{
  "bbox_south_west_north_east": [
    52.50928714236349,
    13.38583766608451,
    52.532660211586354,
    13.416495847792422
  ],
  "image_corners": {
    "top_left": [
      52.532660211586354,
      13.38583766608451
    ],
    "top_right": [
      52.532660211586354,
      13.416495847792422
    ],
    "bottom_right": [
      52.50928714236349,
      13.416495847792422
    ],
    "bottom_left": [
      52.50928714236349,
      13.38583766608451
    ]
  },
  "png": "/content/drive/MyDrive/sunwalk_mvp/sunshade_overlay.png"
}